Nummer;Buchstabe/Symbol;Zahlwort;Inhalt
5;O / o;Fünfzehn;"Was man erhält (Sternpolygone n) (5)"
6;O;-;"...Diese Spalte ist das O Kontinuum und der Beginnpunkt der Meta-Physik."
24;X / x;Vierundzwanzig;"...ISO OSI Referenzmodell, X Kontinuum (Vierundzwanzig)"
25;X / x;Vierundzwanzig;"gegen Sternpolygone sein, Erklärung"
41;X / x;Vierundzwanzig;"Informatiksicht, gehört zum X Kontinuum (Vierundzwanzig)"
55;X / x;Vierundzwanzig;"Experten von Kategorien von Religionsgründern"
268;i;-;"(das i Kontinuum)"
274;u;-;"(das u Kontinuum)"
386;X / x;Vierundzwanzig;"(Zugeordnet zu Kreis/Vergleich)"
431 - 434;Q / q;Siebzehn;"Inkrementieren (um 1, 2, 3) und Multiplikation"
435;P / p;Sechszehn;"Multiversum / Kontinuum; sanft vs. Hart"
436;X / R;24 / 18;"Gegenteil: sanft vs. Hart"
437, 441-445;Q / q;Siebzehn;"Egalitär vs. Autoritär; Führungsqualitäten"
446;A / a;Eins;"Sittlichkeit vs. Annäherung"
447;B / b;Zwei;"Sinn, Bedeutung, Zweck des Lebens"
448;C / c;Drei;"Fachbereiche, Gebiete, Themen"
449;D / d;Vier;"Familiär und Götter-Gemeinschaftlich"
450;Q / q;Siebzehn;"wertvoll"
451;R / r;Achtzehn;"wertvoll" (Gegenteil/Aspekt)
467 - 469;Q / q;Siebzehn;"überleben"; Gegentranszendentalien
486;T / t;Zwanzig;"abgeneigt vs. Zugewandt"
487, 488;Q / q;Siebzehn;"Brucherweiterungen; Reziproke"
491;H / h;Acht;"Philosophische Kategorien für n"
492;N / n;Vierzehn;"Philosophische Kategorien für 1/n"
493;M / m;Dreizehn;"Gegen / pro: Nach Rechenregeln..."
501;P5 / p5;16 -> 5;"Multiversum / Kontinuum; Zahlen im Bezug zu ReTa"
504;S / s;Neunzehn;"Tragweite sehen vs. Auf etwas abzielen"
506;L / l;Zwölf;"Intelligenz (12) ist ein Metasystem"
507;Y / y;Fünfundzwanzig;"Wie setzt man Moral um?"
508;F / f;Sechs;"Moral-Thema"
510;Y / y;Fünfundzwanzig;"Weltall, wie geht es für uns weiter?"
511;E / e;Fünf;"Identität * n = n (Teilchen-Meta-Physik)"
514;J / j;Zehn;"Differenz 10"
515;K / k;Elf;"Identität * n = n (über Personen)"
517;i / I;Neun;"Ehrlich vs. Höflich"
518;G / g;Sieben;
528;W
529;AC
530;AD
531;AE
532;AK
533;AU
566;Q
568;T
569;T
571;S
573;K
574;K
579;AB
581;D
583;AB
586;P
593;Z
604;P
617;AD
623;X
636;L
639;S
640;S
641;S
642;S
643;G
644;K
674;H
677;X
679;R
681;AA

